{
  "generated_at": "2026-02-18T11:27:06.230Z",
  "source_csv": "https://docs.google.com/spreadsheets/d/e/2PACX-1vQ9pFuDf9lpudF0_WfUJ2cJlbowZMmtV9VYxnTDeSq4uFMRUnm3yMZzro982N_C9WrDoXYf9GH_5VM5/pub?output=csv",
  "counts": {
    "total_rows": 33,
    "places_ok": 33,
    "places_failed": 0
  },
  "restaurants": [
    {
      "name": "Musang",
      "category": "food",
      "google_maps_url": "https://maps.google.com/?q=Musang+Seattle",
      "place_id": "ChIJB_pIoJ5rkFQRm3JNLrcxLQg",
      "notes": "Modern Filipino on Beacon Hill, incredible sisig and seasonal menu, $$$",
      "speed": "normal",
      "price": "$$$",
      "address": "2524 Beacon Ave S, Seattle, WA 98144, USA",
      "lat": 47.5803751,
      "lng": -122.3127377,
      "open_now": false,
      "weekday_text": [
        "Monday: 5:00 – 10:00 PM",
        "Tuesday: Closed",
        "Wednesday: 5:00 – 10:00 PM",
        "Thursday: 5:00 – 10:00 PM",
        "Friday: 5:00 – 10:00 PM",
        "Saturday: 11:00 AM – 2:00 PM, 5:00 – 10:00 PM",
        "Sunday: 11:00 AM – 2:00 PM, 5:00 – 10:00 PM"
      ],
      "website": "https://www.musangseattle.com/",
      "phone": "(206) 535-5564",
      "url": "https://maps.google.com/?cid=589181789081006747",
      "next_close_iso": "2026-02-19T06:00:00.000Z",
      "business_status": "OPERATIONAL",
      "utc_offset": -480
    },
    {
      "name": "Dough Zone Dumpling House",
      "category": "food",
      "google_maps_url": "https://maps.google.com/?q=Dough+Zone+Dumpling+House+Seattle+International+District",
      "place_id": "ChIJIfHalrxqkFQRaVg8DKk28po",
      "notes": "Soup dumplings and noodles, fast and reliable CID spot, $$",
      "speed": "quick",
      "price": "$$",
      "address": "504 5th Ave S #109, Seattle, WA 98104, USA",
      "lat": 47.5978751,
      "lng": -122.3274926,
      "open_now": false,
      "weekday_text": [
        "Monday: 11:00 AM – 9:00 PM",
        "Tuesday: 11:00 AM – 9:00 PM",
        "Wednesday: 11:00 AM – 9:00 PM",
        "Thursday: 11:00 AM – 9:00 PM",
        "Friday: 11:00 AM – 10:00 PM",
        "Saturday: 11:00 AM – 10:00 PM",
        "Sunday: 11:00 AM – 9:00 PM"
      ],
      "website": "https://www.doughzonedumplinghouse.com/",
      "phone": "(206) 285-9999",
      "url": "https://maps.google.com/?cid=11165046525887535209",
      "next_close_iso": "2026-02-19T05:00:00.000Z",
      "business_status": "OPERATIONAL",
      "utc_offset": -480
    },
    {
      "name": "Saigon Drip Cafe",
      "category": "food",
      "google_maps_url": "https://maps.google.com/?q=Saigon+Drip+Cafe+Seattle",
      "place_id": "ChIJo_oHZdxrkFQRBGQajOZ1PCU",
      "notes": "Vietnamese dip sandwiches and strong coffee, Pioneer Square, $$",
      "speed": "quick",
      "price": "$$",
      "address": "161 S Washington St, Seattle, WA 98104, USA",
      "lat": 47.6007541,
      "lng": -122.3323471,
      "open_now": false,
      "weekday_text": [
        "Monday: 9:00 AM – 5:00 PM",
        "Tuesday: 9:00 AM – 5:00 PM",
        "Wednesday: 9:00 AM – 5:00 PM",
        "Thursday: 9:00 AM – 5:00 PM",
        "Friday: 9:00 AM – 10:00 PM",
        "Saturday: 10:00 AM – 10:00 PM",
        "Sunday: 10:00 AM – 4:00 PM"
      ],
      "website": "http://saigondripcafe.com/",
      "phone": "(206) 280-1797",
      "url": "https://maps.google.com/?cid=2683149111059440644",
      "next_close_iso": "2026-02-19T01:00:00.000Z",
      "business_status": "OPERATIONAL",
      "utc_offset": -480
    },
    {
      "name": "Berlin Döner Kebab",
      "category": "food",
      "google_maps_url": "https://maps.google.com/?q=The+Berliner+D%C3%B6ner+Kebab+Seattle",
      "place_id": "ChIJG0hRgTcVkFQRbHwXSGys9wk",
      "notes": "Döner wraps, late night, great downtown quick bite, $$",
      "speed": "quick",
      "price": "$$",
      "address": "428 Westlake Ave N, Seattle, WA 98109, USA",
      "lat": 47.6226649,
      "lng": -122.3381333,
      "open_now": false,
      "weekday_text": [
        "Monday: 11:00 AM – 8:00 PM",
        "Tuesday: 11:00 AM – 8:00 PM",
        "Wednesday: 11:00 AM – 8:00 PM",
        "Thursday: 11:00 AM – 8:00 PM",
        "Friday: 11:00 AM – 8:00 PM",
        "Saturday: Closed",
        "Sunday: Closed"
      ],
      "website": "https://www.toasttab.com/the-berliner-doner-kebab-428-westlake-ave-n?utm_source=google&utm_medium=organic&utm_campaign=gmb-oo-web",
      "phone": "(206) 623-5425",
      "url": "https://maps.google.com/?cid=718232246654827628",
      "next_close_iso": "2026-02-19T04:00:00.000Z",
      "business_status": "OPERATIONAL",
      "utc_offset": -480
    },
    {
      "name": "Marination Ma Kai",
      "category": "dessert",
      "google_maps_url": "https://maps.google.com/?q=Marination+Ma+Kai+Seattle",
      "place_id": "ChIJsRF59nJAkFQRKis-uc-e_1k",
      "notes": "Hawaiian Korean fusion, go for shave ice and Alki views, $$",
      "speed": "normal",
      "price": "$$",
      "address": "1660 Harbor Ave SW, Seattle, WA 98126, USA",
      "lat": 47.58943619999999,
      "lng": -122.3805702,
      "open_now": false,
      "weekday_text": [
        "Monday: 11:00 AM – 8:00 PM",
        "Tuesday: 11:00 AM – 8:00 PM",
        "Wednesday: 11:00 AM – 8:00 PM",
        "Thursday: 11:00 AM – 8:00 PM",
        "Friday: 11:00 AM – 9:00 PM",
        "Saturday: 9:00 AM – 9:00 PM",
        "Sunday: 9:00 AM – 8:00 PM"
      ],
      "website": "http://www.marinationmobile.com/",
      "phone": "(206) 328-8226",
      "url": "https://maps.google.com/?cid=6485076603440081706",
      "next_close_iso": "2026-02-19T04:00:00.000Z",
      "business_status": "OPERATIONAL",
      "utc_offset": -480
    },
    {
      "name": "Salt & Straw",
      "category": "dessert",
      "google_maps_url": "https://maps.google.com/?q=Salt+%26+Straw+Capitol+Hill+Seattle",
      "place_id": "ChIJ__8DfstqkFQR_cgIxwcjzG8",
      "notes": "Creative rotating ice cream flavors, Capitol Hill favorite, $$",
      "speed": "quick",
      "price": "$$",
      "address": "714 E Pike St Suite A, Seattle, WA 98122, USA",
      "lat": 47.6141937,
      "lng": -122.3232668,
      "open_now": false,
      "weekday_text": [
        "Monday: 11:00 AM – 11:00 PM",
        "Tuesday: 11:00 AM – 11:00 PM",
        "Wednesday: 11:00 AM – 11:00 PM",
        "Thursday: 11:00 AM – 11:00 PM",
        "Friday: 11:00 AM – 11:00 PM",
        "Saturday: 11:00 AM – 11:00 PM",
        "Sunday: 11:00 AM – 11:00 PM"
      ],
      "website": "https://www.saltandstraw.com/",
      "phone": "(206) 258-4574",
      "url": "https://maps.google.com/?cid=8055852349769959677",
      "next_close_iso": "2026-02-19T07:00:00.000Z",
      "business_status": "OPERATIONAL",
      "utc_offset": -480
    },
    {
      "name": "Nue",
      "category": "food",
      "google_maps_url": "https://maps.google.com/?q=Nue+Seattle",
      "place_id": "ChIJz91V-s1qkFQRTaAOUkM_jKo",
      "notes": "Global street food, rotating menu, Capitol Hill favorite, $$",
      "speed": "normal",
      "price": "$$",
      "address": "1519 14th Ave, Seattle, WA 98122, USA",
      "lat": 47.6147255,
      "lng": -122.3144481,
      "open_now": false,
      "weekday_text": [
        "Monday: 11:00 AM – 9:00 PM",
        "Tuesday: 5:00 – 9:00 PM",
        "Wednesday: 5:00 – 9:00 PM",
        "Thursday: 5:00 – 9:00 PM",
        "Friday: 11:00 AM – 10:00 PM",
        "Saturday: 10:00 AM – 10:00 PM",
        "Sunday: 10:00 AM – 9:00 PM"
      ],
      "website": "http://www.nueseattle.com/",
      "phone": "(206) 257-0312",
      "url": "https://maps.google.com/?cid=12289267041559289933",
      "next_close_iso": "2026-02-19T05:00:00.000Z",
      "business_status": "OPERATIONAL",
      "utc_offset": -480
    },
    {
      "name": "Oriental Express",
      "category": "food",
      "google_maps_url": "https://maps.google.com/?q=Oriental+Express+Seattle+4th+Ave",
      "place_id": "ChIJG2b7-itAkFQRK1hrdZFG0Gc",
      "notes": "SODO Chinese American classic, fast, nostalgic lunch spot, $",
      "speed": "quick",
      "price": "$",
      "address": "2963 4th Ave S, Seattle, WA 98134, USA",
      "lat": 47.5758303,
      "lng": -122.3294821,
      "open_now": false,
      "weekday_text": [
        "Monday: 10:30 AM – 11:00 PM",
        "Tuesday: 10:30 AM – 11:00 PM",
        "Wednesday: 10:30 AM – 11:00 PM",
        "Thursday: 10:30 AM – 11:00 PM",
        "Friday: 10:30 AM – 11:00 PM",
        "Saturday: 11:00 AM – 11:00 PM",
        "Sunday: 12:00 – 11:00 PM"
      ],
      "website": "http://www.seattleorientexpress.com/",
      "phone": "(206) 682-0683",
      "url": "https://maps.google.com/?cid=7480556571616565291",
      "next_close_iso": "2026-02-19T07:00:00.000Z",
      "business_status": "OPERATIONAL",
      "utc_offset": -480
    },
    {
      "name": "Ciudad",
      "category": "food",
      "google_maps_url": "https://maps.google.com/?q=Ciudad+Seattle+Georgetown",
      "place_id": "ChIJSX5ykutBkFQRLOIOUAMsMKw",
      "notes": "Seasonal Latin inspired food, stylish Georgetown dinner, $$",
      "speed": "normal",
      "price": "$$",
      "address": "6118 12th Ave S, Seattle, WA 98108, USA",
      "lat": 47.5482374,
      "lng": -122.3170496,
      "open_now": false,
      "weekday_text": [
        "Monday: 11:30 AM – 8:00 PM",
        "Tuesday: 11:30 AM – 8:00 PM",
        "Wednesday: 11:30 AM – 8:00 PM",
        "Thursday: 11:30 AM – 8:00 PM",
        "Friday: 11:30 AM – 9:00 PM",
        "Saturday: 11:30 AM – 9:00 PM",
        "Sunday: 11:30 AM – 8:00 PM"
      ],
      "website": "http://www.ciudadseattle.com/",
      "phone": "(206) 717-2984",
      "url": "https://maps.google.com/?cid=12407465366145393196",
      "next_close_iso": "2026-02-19T04:00:00.000Z",
      "business_status": "OPERATIONAL",
      "utc_offset": -480
    },
    {
      "name": "Maruta Shoten",
      "category": "food",
      "google_maps_url": "https://maps.google.com/?q=Maruta+Shoten+Seattle",
      "place_id": "ChIJwRG8cOtBkFQRnK7hXlwAslc",
      "notes": "Japanese grocery and deli, great bento and grab and go, $",
      "speed": "quick",
      "price": "$",
      "address": "1024 S Bailey St, Seattle, WA 98108, USA",
      "lat": 47.5478056,
      "lng": -122.3190378,
      "open_now": false,
      "weekday_text": [
        "Monday: 10:00 AM – 6:00 PM",
        "Tuesday: 10:00 AM – 6:00 PM",
        "Wednesday: 10:00 AM – 6:00 PM",
        "Thursday: 10:00 AM – 6:00 PM",
        "Friday: 10:00 AM – 6:00 PM",
        "Saturday: 10:00 AM – 6:00 PM",
        "Sunday: Closed"
      ],
      "website": "http://www.marutashoten.com/",
      "phone": "(206) 767-5002",
      "url": "https://maps.google.com/?cid=6319113623883067036",
      "next_close_iso": "2026-02-19T02:00:00.000Z",
      "business_status": "OPERATIONAL",
      "utc_offset": -480
    },
    {
      "name": "BopBox",
      "category": "food",
      "google_maps_url": "https://maps.google.com/?q=BopBox+Seattle+Georgetown",
      "place_id": "ChIJs8ZwUtZBkFQRSXk4_xfx_bM",
      "notes": "Korean rice bowls, fast and flavorful Georgetown lunch, $$",
      "speed": "quick",
      "price": "$$",
      "address": "5633 Airport Wy S, Seattle, WA 98108, USA",
      "lat": 47.5512951,
      "lng": -122.3192022,
      "open_now": false,
      "weekday_text": [
        "Monday: 11:00 AM – 3:00 PM, 4:00 – 8:00 PM",
        "Tuesday: 11:00 AM – 3:00 PM, 4:00 – 8:00 PM",
        "Wednesday: 11:00 AM – 3:00 PM, 4:00 – 8:00 PM",
        "Thursday: 11:00 AM – 3:00 PM, 4:00 – 8:00 PM",
        "Friday: 11:00 AM – 3:00 PM, 4:00 – 8:00 PM",
        "Saturday: 11:00 AM – 3:00 PM, 4:00 – 8:00 PM",
        "Sunday: Closed"
      ],
      "website": "https://order.toasttab.com/online/bopbox",
      "phone": "(206) 257-4787",
      "url": "https://maps.google.com/?cid=12969787587265329481",
      "next_close_iso": "2026-02-18T23:00:00.000Z",
      "business_status": "OPERATIONAL",
      "utc_offset": -480
    },
    {
      "name": "Bloom Bistro",
      "category": "food",
      "google_maps_url": "https://maps.google.com/?q=Bloom+Bistro+Seattle+Georgetown",
      "place_id": "ChIJeaFFHABBkFQRK_igz4Ab74s",
      "notes": "Bagels! Georgetown, $",
      "speed": "quick",
      "price": "$",
      "address": "6601 Carleton Ave S, Seattle, WA 98108, USA",
      "lat": 47.5441807,
      "lng": -122.3213354,
      "open_now": false,
      "weekday_text": [
        "Monday: Closed",
        "Tuesday: 7:00 AM – 5:00 PM",
        "Wednesday: 7:00 AM – 5:00 PM",
        "Thursday: 7:00 AM – 5:00 PM",
        "Friday: 7:00 AM – 5:00 PM",
        "Saturday: 8:00 AM – 3:00 PM",
        "Sunday: 8:00 AM – 3:00 PM"
      ],
      "website": "http://www.bloom-bistro.com/",
      "phone": "(206) 518-7031",
      "url": "https://maps.google.com/?cid=10083308330759026731",
      "next_close_iso": "2026-02-19T01:00:00.000Z",
      "business_status": "OPERATIONAL",
      "utc_offset": -480
    },
    {
      "name": "Voi Cà Phê",
      "category": "dessert",
      "google_maps_url": "https://maps.google.com/?q=Voi+Ca+Phe+Seattle+Georgetown",
      "place_id": "ChIJpRTskdhBkFQR4rkqVbBNGWo",
      "notes": "Vietnamese coffee and pastries, cozy cafe stop, $",
      "speed": "quick",
      "price": "$",
      "address": "6105 13th Ave S, Seattle, WA 98108, USA",
      "lat": 47.5484118,
      "lng": -122.3162532,
      "open_now": false,
      "weekday_text": [
        "Monday: 8:00 AM – 4:00 PM",
        "Tuesday: 8:00 AM – 4:00 PM",
        "Wednesday: 8:00 AM – 4:00 PM",
        "Thursday: 8:00 AM – 4:00 PM",
        "Friday: 8:00 AM – 4:00 PM",
        "Saturday: 8:00 AM – 4:00 PM",
        "Sunday: Closed"
      ],
      "website": "http://voicaphe.com/",
      "phone": null,
      "url": "https://maps.google.com/?cid=7645227262176573922",
      "next_close_iso": "2026-02-19T00:00:00.000Z",
      "business_status": "OPERATIONAL",
      "utc_offset": -480
    },
    {
      "name": "Momiji",
      "category": "food",
      "google_maps_url": "https://maps.google.com/?q=Momiji+Seattle+Capitol+Hill",
      "place_id": "ChIJO4mDgc5qkFQRP-iajZvSwZU",
      "notes": "Sushi and Japanese, beautiful space, reliable dinner, $$",
      "speed": "normal",
      "price": "$$",
      "address": "1522 12th Ave, Seattle, WA 98122, USA",
      "lat": 47.6147972,
      "lng": -122.3164889,
      "open_now": false,
      "weekday_text": [
        "Monday: 4:00 – 11:00 PM",
        "Tuesday: 4:00 – 11:00 PM",
        "Wednesday: 4:00 – 11:00 PM",
        "Thursday: 4:00 – 11:00 PM",
        "Friday: 4:00 PM – 12:00 AM",
        "Saturday: 4:00 PM – 12:00 AM",
        "Sunday: 4:00 – 11:00 PM"
      ],
      "website": "http://momijiseattle.com/",
      "phone": "(206) 457-4068",
      "url": "https://maps.google.com/?cid=10791137747693922367",
      "next_close_iso": "2026-02-19T07:00:00.000Z",
      "business_status": "OPERATIONAL",
      "utc_offset": -480
    },
    {
      "name": "Molly Moon's Homemade Ice Cream",
      "category": "dessert",
      "google_maps_url": "https://maps.google.com/?q=Molly+Moon%27s+Homemade+Ice+Cream+West+Seattle",
      "place_id": "ChIJU_rb-cxqkFQRFLqim07vnLE",
      "notes": "Classic Seattle ice cream, Alaska Junction, $$",
      "speed": "quick",
      "price": "$$",
      "address": "917 E Pine St, Seattle, WA 98122, USA",
      "lat": 47.61511100000001,
      "lng": -122.31977,
      "open_now": false,
      "weekday_text": [
        "Monday: 12:00 – 10:00 PM",
        "Tuesday: 12:00 – 10:00 PM",
        "Wednesday: 12:00 – 10:00 PM",
        "Thursday: 12:00 – 10:00 PM",
        "Friday: 12:00 – 11:00 PM",
        "Saturday: 12:00 – 11:00 PM",
        "Sunday: 12:00 – 10:00 PM"
      ],
      "website": "https://www.mollymoon.com/locations/capitol-hill",
      "phone": "(206) 294-4389",
      "url": "https://maps.google.com/?cid=12798367361977727508",
      "next_close_iso": "2026-02-19T06:00:00.000Z",
      "business_status": "OPERATIONAL",
      "utc_offset": -480
    },
    {
      "name": "Bakery Nouveau",
      "category": "dessert",
      "google_maps_url": "https://maps.google.com/?q=Bakery+Nouveau+West+Seattle",
      "place_id": "ChIJ--L6NtNqkFQR28XtOJxSxL4",
      "notes": "Award winning pastries, chocolate croissant dessert stop, $$",
      "speed": "quick",
      "price": "$$",
      "address": "137 15th Ave E, Seattle, WA 98112, USA",
      "lat": 47.619506,
      "lng": -122.312902,
      "open_now": false,
      "weekday_text": [
        "Monday: Closed",
        "Tuesday: Closed",
        "Wednesday: 7:00 AM – 5:00 PM",
        "Thursday: 7:00 AM – 5:00 PM",
        "Friday: 7:00 AM – 5:00 PM",
        "Saturday: 7:00 AM – 5:00 PM",
        "Sunday: 7:00 AM – 5:00 PM"
      ],
      "website": "http://www.bakerynouveau.com/",
      "phone": "(206) 858-6957",
      "url": "https://maps.google.com/?cid=13746202793565079003",
      "next_close_iso": "2026-02-19T01:00:00.000Z",
      "business_status": "OPERATIONAL",
      "utc_offset": -480
    },
    {
      "name": "Taquitos Feliz",
      "category": "food",
      "google_maps_url": "https://maps.google.com/?q=Taquitos+Feliz+Seattle+Fauntleroy",
      "place_id": "ChIJW1MlaTxBkFQRUUSRs9BMGEU",
      "notes": "Taco truck by Lincoln Park, fast and hits every time, $$",
      "speed": "quick",
      "price": "$",
      "address": "7413 Fauntleroy Wy SW, Seattle, WA 98136, USA",
      "lat": 47.5366162,
      "lng": -122.3924234,
      "open_now": false,
      "weekday_text": [
        "Monday: 10:00 AM – 9:00 PM",
        "Tuesday: 10:00 AM – 9:00 PM",
        "Wednesday: 10:00 AM – 9:00 PM",
        "Thursday: 10:00 AM – 9:00 PM",
        "Friday: 10:00 AM – 9:00 PM",
        "Saturday: 10:00 AM – 9:00 PM",
        "Sunday: 10:00 AM – 8:00 PM"
      ],
      "website": "http://ordertaquitosfeliz.com/",
      "phone": "(206) 353-4046",
      "url": "https://maps.google.com/?cid=4978813847307633745",
      "next_close_iso": "2026-02-19T05:00:00.000Z",
      "business_status": "OPERATIONAL",
      "utc_offset": -480
    },
    {
      "name": "Taqueria La Fondita",
      "category": "food",
      "google_maps_url": "https://maps.google.com/?q=Taqueria+La+Fondita+White+Center",
      "place_id": "ChIJmQnIbLgVkFQRt41nWu-Pe8o",
      "notes": "White Center truck, excellent street tacos, $",
      "speed": "quick",
      "price": "$",
      "address": "8953 Aurora Ave N, Seattle, WA 98103, USA",
      "lat": 47.6940017,
      "lng": -122.3450245,
      "open_now": false,
      "weekday_text": [
        "Monday: 10:00 AM – 10:00 PM",
        "Tuesday: 10:00 AM – 10:00 PM",
        "Wednesday: 10:00 AM – 10:00 PM",
        "Thursday: 10:00 AM – 10:00 PM",
        "Friday: 10:00 AM – 10:00 PM",
        "Saturday: 10:00 AM – 10:00 PM",
        "Sunday: 10:00 AM – 10:00 PM"
      ],
      "website": null,
      "phone": "(206) 468-6594",
      "url": "https://maps.google.com/?cid=14590413675973545399",
      "next_close_iso": "2026-02-19T06:00:00.000Z",
      "business_status": "OPERATIONAL",
      "utc_offset": -480
    },
    {
      "name": "Jack's BBQ",
      "category": "food",
      "google_maps_url": "https://maps.google.com/?q=Jack%27s+BBQ+SODO+Seattle",
      "place_id": "ChIJK7Kn5dNBkFQRtOOq9805D5Q",
      "notes": "Texas style BBQ in SODO, brisket and sides, $$",
      "speed": "quick",
      "price": "$$",
      "address": "3924 Airport Wy S, Seattle, WA 98108, USA",
      "lat": 47.5682792,
      "lng": -122.3223369,
      "open_now": false,
      "weekday_text": [
        "Monday: 7:00 – 10:00 AM, 11:00 AM – 8:00 PM",
        "Tuesday: 7:00 – 10:00 AM, 11:00 AM – 8:00 PM",
        "Wednesday: 7:00 – 10:00 AM, 11:00 AM – 8:00 PM",
        "Thursday: 7:00 – 10:00 AM, 11:00 AM – 8:00 PM",
        "Friday: 7:00 – 10:00 AM, 11:00 AM – 9:00 PM",
        "Saturday: 10:00 AM – 9:00 PM",
        "Sunday: 10:00 AM – 8:00 PM"
      ],
      "website": "http://jacksbbq.com/",
      "phone": "(206) 467-4038",
      "url": "https://maps.google.com/?cid=10668809599050245044",
      "next_close_iso": "2026-02-18T18:00:00.000Z",
      "business_status": "OPERATIONAL",
      "utc_offset": -480
    },
    {
      "name": "Hong Kong Market",
      "category": "food",
      "google_maps_url": "https://maps.google.com/?q=Hong+Kong+Market+Burien",
      "place_id": "ChIJHSrU5uNDkFQRLxG_dx4niCk",
      "notes": "Asian grocery with hot food counter, great cheap meals, $",
      "speed": "quick",
      "price": "$",
      "address": "125 SW 148th St B, Burien, WA 98166, USA",
      "lat": 47.4698339,
      "lng": -122.3359436,
      "open_now": false,
      "weekday_text": [
        "Monday: 8:00 AM – 8:00 PM",
        "Tuesday: 8:00 AM – 8:00 PM",
        "Wednesday: 8:00 AM – 8:00 PM",
        "Thursday: 8:00 AM – 8:00 PM",
        "Friday: 8:00 AM – 8:00 PM",
        "Saturday: 8:00 AM – 8:00 PM",
        "Sunday: 8:00 AM – 8:00 PM"
      ],
      "website": "https://www.hkmstores.com/",
      "phone": "(206) 420-3239",
      "url": "https://maps.google.com/?cid=2992684964199207215",
      "next_close_iso": "2026-02-19T04:00:00.000Z",
      "business_status": "OPERATIONAL",
      "utc_offset": -480
    },
    {
      "name": "Tat's Delicatessen",
      "category": "food",
      "google_maps_url": "https://maps.google.com/?q=Tat%27s+Delicatessen+Seattle",
      "place_id": "ChIJBVc-lbpqkFQRaoKWP0nxwnE",
      "notes": "Elite cheesesteaks and sandwiches, fast and satisfying, $$",
      "speed": "quick",
      "price": "$$",
      "address": "159 Yesler Wy, Seattle, WA 98104, USA",
      "lat": 47.6015936,
      "lng": -122.3323265,
      "open_now": false,
      "weekday_text": [
        "Monday: 9:00 AM – 2:30 PM",
        "Tuesday: 9:00 AM – 2:30 PM",
        "Wednesday: 9:00 AM – 2:30 PM",
        "Thursday: 9:00 AM – 2:30 PM",
        "Friday: 9:00 AM – 2:30 PM",
        "Saturday: 11:00 AM – 5:30 PM",
        "Sunday: Closed"
      ],
      "website": "http://www.tatsdeli.com/",
      "phone": "(206) 264-8287",
      "url": "https://maps.google.com/?cid=8197379568669459050",
      "next_close_iso": "2026-02-18T22:30:00.000Z",
      "business_status": "OPERATIONAL",
      "utc_offset": -480
    },
    {
      "name": "Paseo",
      "category": "food",
      "google_maps_url": "https://maps.google.com/?q=Paseo+Seattle+SODO",
      "place_id": "ChIJI9abTFMUkFQRjkoqvmG4eWY",
      "notes": "Legendary Caribbean sandwiches, huge portions, $$",
      "speed": "quick",
      "price": "$$",
      "address": "4225 Fremont Ave N, Seattle, WA 98103, USA",
      "lat": 47.658486,
      "lng": -122.350311,
      "open_now": false,
      "weekday_text": [
        "Monday: 11:00 AM – 6:00 PM",
        "Tuesday: 11:00 AM – 9:00 PM",
        "Wednesday: 11:00 AM – 9:00 PM",
        "Thursday: 11:00 AM – 9:00 PM",
        "Friday: 11:00 AM – 9:00 PM",
        "Saturday: 11:00 AM – 7:00 PM",
        "Sunday: 11:00 AM – 6:00 PM"
      ],
      "website": "http://www.paseo.com/",
      "phone": "(206) 545-7440",
      "url": "https://maps.google.com/?cid=7384135793992419982",
      "next_close_iso": "2026-02-19T05:00:00.000Z",
      "business_status": "OPERATIONAL",
      "utc_offset": -480
    },
    {
      "name": "Fuji Bakery",
      "category": "dessert",
      "google_maps_url": "https://maps.google.com/?q=Fuji+Bakery+Seattle",
      "place_id": "ChIJpxPXFmYVkFQRuKwPGwj33Ek",
      "notes": "Japanese pastries and desserts, light and not too sweet, $$",
      "speed": "quick",
      "price": "$$",
      "address": "1030 Elliott Ave W, Seattle, WA 98119, USA",
      "lat": 47.628317,
      "lng": -122.3702293,
      "open_now": false,
      "weekday_text": [
        "Monday: 7:00 AM – 5:00 PM",
        "Tuesday: 7:00 AM – 5:00 PM",
        "Wednesday: 7:00 AM – 5:00 PM",
        "Thursday: 7:00 AM – 5:00 PM",
        "Friday: 7:00 AM – 5:00 PM",
        "Saturday: 7:00 AM – 5:00 PM",
        "Sunday: 7:00 AM – 4:00 PM"
      ],
      "website": "http://www.fujibakeryinc.com/",
      "phone": "(206) 216-3616",
      "url": "https://maps.google.com/?cid=5322400473830894776",
      "next_close_iso": "2026-02-19T01:00:00.000Z",
      "business_status": "OPERATIONAL",
      "utc_offset": -480
    },
    {
      "name": "Meet Fresh",
      "category": "dessert",
      "google_maps_url": "https://maps.google.com/?q=Meet+Fresh+Bellevue",
      "place_id": "ChIJ1dbEu19rkFQRhqWYXCeJnx0",
      "notes": "Taiwanese desserts, taro balls and shaved ice, $$",
      "speed": "quick",
      "price": "$$",
      "address": "223 5th Ave S, Seattle, WA 98104, USA",
      "lat": 47.6002533,
      "lng": -122.3278335,
      "open_now": null,
      "weekday_text": [],
      "website": "https://meetfresh.us/",
      "phone": "(206) 538-0048",
      "url": "https://maps.google.com/?cid=2134575550547142022",
      "next_close_iso": null,
      "business_status": "CLOSED_PERMANENTLY",
      "utc_offset": -480
    },
    {
      "name": "Taurus Ox",
      "category": "food",
      "google_maps_url": "https://maps.google.com/?q=Taurus+Ox+Seattle",
      "place_id": "ChIJfwLg_H9rkFQRb_tvz1CMlR4",
      "notes": "Lao food, bold flavors, excellent noodles and sausage, $$$",
      "speed": "normal",
      "price": "$$$",
      "address": "903 19th Ave E, Seattle, WA 98112, USA",
      "lat": 47.6271066,
      "lng": -122.3076325,
      "open_now": false,
      "weekday_text": [
        "Monday: Closed",
        "Tuesday: 11:00 AM – 2:00 PM, 5:00 – 9:00 PM",
        "Wednesday: 11:00 AM – 2:00 PM, 5:00 – 9:00 PM",
        "Thursday: 11:00 AM – 2:00 PM, 5:00 – 9:00 PM",
        "Friday: 11:00 AM – 2:00 PM, 5:00 – 9:00 PM",
        "Saturday: 11:00 AM – 2:00 PM, 5:00 – 9:00 PM",
        "Sunday: Closed"
      ],
      "website": "http://taurusox.com/",
      "phone": "(206) 972-0075",
      "url": "https://maps.google.com/?cid=2203821871373220719",
      "next_close_iso": "2026-02-18T22:00:00.000Z",
      "business_status": "OPERATIONAL",
      "utc_offset": -480
    },
    {
      "name": "Meesha Mayne",
      "category": "food",
      "google_maps_url": "https://maps.google.com/?q=Meesha+Mayne+Seattle",
      "place_id": "ChIJjbcbPPoVkFQRLfLrF8RwJXQ",
      "notes": "Creative Indian inspired dishes, great date night, $$$",
      "speed": "normal",
      "price": "$$$",
      "address": "127 N 36th St, Seattle, WA 98103, USA",
      "lat": 47.65249319999999,
      "lng": -122.3564988,
      "open_now": false,
      "weekday_text": [
        "Monday: 4:00 – 9:00 PM",
        "Tuesday: Closed",
        "Wednesday: 4:00 – 9:00 PM",
        "Thursday: 4:00 – 9:00 PM",
        "Friday: 4:00 – 10:00 PM",
        "Saturday: 4:00 – 10:00 PM",
        "Sunday: 4:00 – 9:00 PM"
      ],
      "website": "https://www.meeshaforyou.com/",
      "phone": "(206) 632-0135",
      "url": "https://maps.google.com/?cid=8369219470055174701",
      "next_close_iso": "2026-02-19T05:00:00.000Z",
      "business_status": "OPERATIONAL",
      "utc_offset": -480
    },
    {
      "name": "Damn the Weather",
      "category": "food",
      "google_maps_url": "https://maps.google.com/?q=Damn+the+Weather+Seattle",
      "place_id": "ChIJUfxntbpqkFQRxoN_1GvKcTU",
      "notes": "Cocktail bar you go to for food, great small plates, $$",
      "speed": "normal",
      "price": "$$",
      "address": "116 1st Ave S, Seattle, WA 98104, USA",
      "lat": 47.601122,
      "lng": -122.333951,
      "open_now": false,
      "weekday_text": [
        "Monday: 11:00 AM – 10:00 PM",
        "Tuesday: 11:00 AM – 10:00 PM",
        "Wednesday: 11:00 AM – 10:00 PM",
        "Thursday: 11:00 AM – 10:00 PM",
        "Friday: 11:00 AM – 11:00 PM",
        "Saturday: 11:00 AM – 11:00 PM",
        "Sunday: 11:00 AM – 4:00 PM"
      ],
      "website": "http://www.damntheweather.com/",
      "phone": "(206) 946-1283",
      "url": "https://maps.google.com/?cid=3851081720853922758",
      "next_close_iso": "2026-02-19T06:00:00.000Z",
      "business_status": "OPERATIONAL",
      "utc_offset": -480
    },
    {
      "name": "The Corson Building",
      "category": "food",
      "google_maps_url": "https://maps.google.com/?q=The+Corson+Building+Seattle",
      "place_id": "ChIJaWyj4sFBkFQRrErYj12yNKA",
      "notes": "Special occasion dinner, seasonal and intimate, $$",
      "speed": "slow",
      "price": "$$",
      "address": "5609 Corson Ave S, Seattle, WA 98108, USA",
      "lat": 47.5519585,
      "lng": -122.3203615,
      "open_now": false,
      "weekday_text": [
        "Monday: Closed",
        "Tuesday: Closed",
        "Wednesday: Closed",
        "Thursday: 6:00 – 9:30 PM",
        "Friday: 6:00 – 9:30 PM",
        "Saturday: 5:30 – 9:30 PM",
        "Sunday: 5:30 – 9:00 PM"
      ],
      "website": "http://thecorsonbuilding.com/",
      "phone": "(206) 762-3330",
      "url": "https://maps.google.com/?cid=11544047859772443308",
      "next_close_iso": "2026-02-20T05:30:00.000Z",
      "business_status": "OPERATIONAL",
      "utc_offset": -480
    },
    {
      "name": "Terra Plata",
      "category": "food",
      "google_maps_url": "https://maps.google.com/?q=Terra+Plata+Seattle",
      "place_id": "ChIJl5bQVy8UkFQRYrkP5JjaAec",
      "notes": "Rooftop vibe, Mediterranean leaning, strong date night, $$",
      "speed": "normal",
      "price": "$$",
      "address": "1501 Melrose Ave, Seattle, WA 98122, USA",
      "lat": 47.6143982,
      "lng": -122.3280831,
      "open_now": false,
      "weekday_text": [
        "Monday: 4:00 – 10:00 PM",
        "Tuesday: 4:00 – 10:00 PM",
        "Wednesday: 4:00 – 10:00 PM",
        "Thursday: 4:00 – 10:00 PM",
        "Friday: 4:00 – 10:00 PM",
        "Saturday: 9:30 AM – 10:00 PM",
        "Sunday: 9:30 AM – 9:00 PM"
      ],
      "website": "http://terraplata.com/",
      "phone": "(206) 325-1501",
      "url": "https://maps.google.com/?cid=16645826047934183778",
      "next_close_iso": "2026-02-19T06:00:00.000Z",
      "business_status": "OPERATIONAL",
      "utc_offset": -480
    },
    {
      "name": "Violet",
      "category": "food",
      "google_maps_url": "https://maps.google.com/?q=Violet+Seattle",
      "place_id": "ChIJmy8oI71rkFQRgQCROPXxbv0",
      "notes": "Cozy neighborhood spot, thoughtful menu and good drinks, $$$",
      "speed": "normal",
      "price": "$$$",
      "address": "1734 12th Ave, Seattle, WA 98122, USA",
      "lat": 47.6173159,
      "lng": -122.3166259,
      "open_now": false,
      "weekday_text": [
        "Monday: Closed",
        "Tuesday: 5:00 – 10:00 PM",
        "Wednesday: 5:00 – 10:00 PM",
        "Thursday: 5:00 – 10:00 PM",
        "Friday: 5:00 – 10:00 PM",
        "Saturday: 5:00 – 10:00 PM",
        "Sunday: 5:00 – 10:00 PM"
      ],
      "website": "https://www.violetseattle.com/",
      "phone": "(206) 695-2588",
      "url": "https://maps.google.com/?cid=18261799574552248449",
      "next_close_iso": "2026-02-19T06:00:00.000Z",
      "business_status": "OPERATIONAL",
      "utc_offset": -480
    },
    {
      "name": "Hamdi",
      "category": "food",
      "google_maps_url": "https://maps.google.com/?q=Hamdi+Seattle+Georgetown",
      "place_id": "ChIJMwrndPEVkFQRlXfGXp7QSys",
      "notes": "Modern Turkish, excellent Georgetown date night, $$$",
      "speed": "normal",
      "price": "$$$",
      "address": "4012 NW Leary Wy, Seattle, WA 98107, USA",
      "lat": 47.6565406,
      "lng": -122.3620072,
      "open_now": false,
      "weekday_text": [
        "Monday: Closed",
        "Tuesday: Closed",
        "Wednesday: Closed",
        "Thursday: 5:00 – 9:00 PM",
        "Friday: 5:00 – 10:00 PM",
        "Saturday: 5:00 – 10:00 PM",
        "Sunday: 5:00 – 9:00 PM"
      ],
      "website": "http://www.hamdiseattle.com/",
      "phone": "(206) 561-6953",
      "url": "https://maps.google.com/?cid=3119816545497675669",
      "next_close_iso": "2026-02-20T05:00:00.000Z",
      "business_status": "OPERATIONAL",
      "utc_offset": -480
    },
    {
      "name": "Ivar's Acres of Clams",
      "category": "food",
      "google_maps_url": "https://maps.google.com/?q=Ivar%27s+Acres+of+Clams+Seattle",
      "place_id": "ChIJh8xzLa5qkFQRc-VyM5h5uuU",
      "notes": "Classic Seattle seafood on the water, chowder and views, $$",
      "speed": "normal",
      "price": "$$",
      "address": "1001 Alaskan Wy Ste. 102, Seattle, WA 98104, USA",
      "lat": 47.6040335,
      "lng": -122.3395662,
      "open_now": false,
      "weekday_text": [
        "Monday: 11:00 AM – 8:00 PM",
        "Tuesday: 11:00 AM – 8:00 PM",
        "Wednesday: 11:00 AM – 8:00 PM",
        "Thursday: 11:00 AM – 8:00 PM",
        "Friday: 11:00 AM – 8:00 PM",
        "Saturday: 11:00 AM – 8:00 PM",
        "Sunday: 11:00 AM – 8:00 PM"
      ],
      "website": "https://www.ivars.com/acres",
      "phone": "(206) 624-6852",
      "url": "https://maps.google.com/?cid=16553677074958837107",
      "next_close_iso": "2026-02-19T04:00:00.000Z",
      "business_status": "OPERATIONAL",
      "utc_offset": -480
    },
    {
      "name": "West Seattle Farmers Market",
      "category": "food",
      "google_maps_url": "https://maps.google.com/?q=West+Seattle+Farmers+Market",
      "place_id": "ChIJe_82KfpAkFQRaQpl05JYTs4",
      "notes": "Farmers market Sundays, great food vendors and seasonal options, $",
      "speed": "quick",
      "price": "$",
      "address": "Cnr SW Alaska St &, California Ave SW, Seattle, WA 98116, USA",
      "lat": 47.5619125,
      "lng": -122.3867874,
      "open_now": false,
      "weekday_text": [
        "Monday: Closed",
        "Tuesday: Closed",
        "Wednesday: Closed",
        "Thursday: Closed",
        "Friday: Closed",
        "Saturday: Closed",
        "Sunday: 10:00 AM – 2:00 PM"
      ],
      "website": "https://seattlefarmersmarkets.org/wsfm",
      "phone": "(206) 632-5234",
      "url": "https://maps.google.com/?cid=14865916807631669865",
      "next_close_iso": "2026-02-22T22:00:00.000Z",
      "business_status": "OPERATIONAL",
      "utc_offset": -480
    }
  ]
}